Project,File,HistoryIndex,FileChangeCount
spring-boot,9233.json,1,2
spring-boot,510.json,2,4
spring-boot,6313.json,0,2
spring-boot,2033.json,0,4
spring-boot,9232.json,1,2
guava,10860.json,1,2
guava,14951.json,2,2
guava,9471.json,0,4
guava,18902.json,3,2
guava,12172.json,0,5
guava,12247.json,0,2
guava,12154.json,0,5
guava,1857.json,0,4
guava,22245.json,2,2
guava,12171.json,1,5
guava,11944.json,0,2
guava,15642.json,1,4
guava,12239.json,0,2
guava,9470.json,0,4
guava,11603.json,0,2
guava,81.json,0,2
guava,18901.json,3,2
guava,10905.json,6,5
guava,10151.json,0,4
guava,22803.json,0,2
guava,10179.json,1,4
guava,11604.json,0,2
guava,14959.json,2,2
guava,22246.json,1,2
guava,10166.json,0,4
guava,11403.json,0,5
guava,12182.json,0,5
guava,10861.json,1,2
guava,10881.json,0,2
guava,10879.json,0,2
guava,12164.json,0,5
guava,11748.json,0,2
guava,19253.json,1,3
guava,10929.json,1,3
guava,2385.json,0,4
guava,20744.json,0,4
guava,15643.json,0,3
guava,11913.json,0,2
guava,10902.json,6,5
guava,21486.json,1,4
guava,10926.json,1,3
guava,17172.json,2,5
guava,21153.json,0,2
guava,83.json,0,2
guava,17207.json,1,5
guava,11402.json,1,5
guava,22907.json,0,3
guava,20745.json,0,4
guava,21154.json,0,2
pmd,1150.json,6,4
pmd,7973.json,6,3
pmd,8249.json,3,4
pmd,1134.json,3,5
pmd,2689.json,5,2
pmd,961.json,4,2
pmd,5592.json,2,2
pmd,375.json,2,3
pmd,7138.json,3,5
pmd,4678.json,2,3
pmd,7859.json,2,2
pmd,10015.json,1,3
pmd,8755.json,6,3
pmd,3080.json,3,3
pmd,3084.json,6,3
pmd,7577.json,2,4
pmd,2899.json,8,2
pmd,7443.json,3,3
pmd,8270.json,0,3
pmd,7908.json,0,2
pmd,7846.json,4,2
pmd,2946.json,3,3
pmd,7444.json,3,3
pmd,376.json,3,3
pmd,7977.json,7,5
pmd,8281.json,3,4
pmd,6533.json,1,2
pmd,8247.json,3,4
pmd,8256.json,3,4
pmd,348.json,2,5
pmd,412.json,4,3
pmd,6753.json,0,5
pmd,6754.json,0,5
hbase,27505.json,1,2
hbase,7228.json,0,3
hbase,36220.json,3,5
hbase,1192.json,1,3
hbase,21758.json,0,2
hbase,1193.json,0,3
hbase,5737.json,4,5
hbase,12915.json,9,2
hbase,3328.json,0,2
hbase,7525.json,1,3
hbase,36409.json,0,3
hbase,33000.json,0,2
hbase,1189.json,0,3
hbase,10177.json,2,2
hbase,29248.json,9,4
hbase,7389.json,1,3
hbase,29249.json,7,4
hbase,40081.json,0,5
hbase,10426.json,2,5
ant,5795.json,0,4
ant,9401.json,9,2
ant,5699.json,2,2
ant,9617.json,4,2
ant,3632.json,1,2
ant,3769.json,2,3
ant,6773.json,3,4
ant,4122.json,1,3
ant,9649.json,3,2
ant,9260.json,0,3
ant,1832.json,1,4
ant,5703.json,0,2
ant,7851.json,1,5
ant,7516.json,0,4
ant,7518.json,1,4
ant,9378.json,2,2
ant,7517.json,0,4
ant,9748.json,1,3
ant,7859.json,3,5
ant,7886.json,2,4
ant,9400.json,4,2
ant,4816.json,2,3
ant,10020.json,0,4
ant,7946.json,1,2
ant,9989.json,3,5
ant,9990.json,6,5
ant,7515.json,0,4
ant,4307.json,3,3
ant,787.json,1,3
ant,10021.json,0,4
ant,624.json,2,2
ant,5794.json,4,4
ant,1312.json,4,4
ant,6747.json,1,3
ant,4812.json,1,3
ant,3780.json,1,3
ant,1463.json,3,4
ant,5444.json,1,4
ant,1830.json,1,4
lucene-solr,14918.json,0,5
lucene-solr,17639.json,0,4
lucene-solr,28702.json,1,4
lucene-solr,43949.json,2,4
lucene-solr,38367.json,2,2
lucene-solr,11525.json,1,3
lucene-solr,14422.json,0,5
lucene-solr,20864.json,2,5
lucene-solr,48003.json,1,3
lucene-solr,41782.json,4,3
lucene-solr,47123.json,1,2
lucene-solr,3975.json,0,3
lucene-solr,30452.json,0,2
lucene-solr,26824.json,3,2
lucene-solr,46955.json,6,4
lucene-solr,28571.json,2,2
lucene-solr,18604.json,0,2
lucene-solr,19985.json,0,3
lucene-solr,48202.json,1,3
lucene-solr,49563.json,0,3
lucene-solr,13441.json,0,4
lucene-solr,41795.json,2,3
lucene-solr,12462.json,4,4
lucene-solr,18603.json,0,2
lucene-solr,38533.json,0,2
lucene-solr,551.json,0,5
lucene-solr,41790.json,4,3
lucene-solr,448.json,2,2
lucene-solr,14423.json,0,5
lucene-solr,6948.json,1,5
lucene-solr,43882.json,2,4
lucene-solr,13241.json,0,5
lucene-solr,13504.json,0,5
lucene-solr,41785.json,6,3
lucene-solr,642.json,0,2
lucene-solr,17606.json,0,2
lucene-solr,20629.json,2,2
lucene-solr,20313.json,0,3
lucene-solr,49561.json,0,3
lucene-solr,20441.json,4,5
lucene-solr,7643.json,0,4
lucene-solr,17615.json,2,2
lucene-solr,44703.json,1,3
lucene-solr,16626.json,1,2
lucene-solr,50383.json,0,4
lucene-solr,28617.json,0,4
lucene-solr,47982.json,1,3
lucene-solr,21992.json,0,3
lucene-solr,12746.json,5,3
lucene-solr,47755.json,1,5
lucene-solr,47757.json,1,5
lucene-solr,43382.json,1,3
lucene-solr,3974.json,0,3
lucene-solr,6947.json,1,5
lucene-solr,41767.json,3,3
lucene-solr,19986.json,0,3
lucene-solr,40610.json,1,2
lucene-solr,41766.json,2,3
lucene-solr,14919.json,2,5
lucene-solr,38552.json,4,5
lucene-solr,26235.json,2,4
lucene-solr,38532.json,1,2
lucene-solr,20440.json,4,5
lucene-solr,13439.json,0,4
lucene-solr,28701.json,0,4
lucene-solr,15124.json,0,2
lucene-solr,3973.json,0,3
lucene-solr,36489.json,9,2
lucene-solr,47768.json,2,5
lucene-solr,6945.json,1,5
lucene-solr,26825.json,5,2
lucene-solr,41774.json,5,3
lucene-solr,43381.json,1,3
lucene-solr,43884.json,5,4
lucene-solr,43950.json,5,4
lucene-solr,49565.json,0,3
lucene-solr,41224.json,1,3
lucene-solr,14425.json,0,5
lucene-solr,44711.json,1,3
lucene-solr,12461.json,7,4
lucene-solr,12460.json,2,4
lucene-solr,47143.json,0,3
lucene-solr,46441.json,1,4
lucene-solr,5754.json,3,5
lucene-solr,30453.json,2,2
lucene-solr,46442.json,1,4
lucene-solr,44598.json,1,5
lucene-solr,47135.json,0,3
lucene-solr,40617.json,1,2
lucene-solr,14569.json,1,5
lucene-solr,14917.json,1,5
lucene-solr,48196.json,0,3
lucene-solr,50391.json,0,4
lucene-solr,41222.json,4,3
lucene-solr,13509.json,1,5
lucene-solr,646.json,1,2
lucene-solr,13446.json,0,4
lucene-solr,13242.json,0,5
lucene-solr,47759.json,1,5
lucene-solr,20863.json,3,3
lucene-solr,47144.json,0,3
lucene-solr,16019.json,9,4
lucene-solr,6192.json,0,5
lucene-solr,41223.json,4,3
lucene-solr,14424.json,0,5
lucene-solr,6946.json,1,5
lucene-solr,45771.json,0,2
lucene-solr,17008.json,2,4
lucene-solr,50389.json,0,4
jna,2121.json,0,2
jna,146.json,0,2
jna,4142.json,5,5
jna,4215.json,4,2
jna,325.json,0,2
jna,3652.json,3,3
jna,2041.json,0,2
jna,1716.json,1,4
jna,4111.json,1,2
jna,1717.json,1,4
spring-framework,13448.json,0,4
spring-framework,13427.json,1,4
spring-framework,15028.json,2,5
spring-framework,15035.json,2,5
spring-framework,26087.json,1,2
spring-framework,13445.json,0,4
spring-framework,8141.json,1,4
spring-framework,16453.json,0,4
spring-framework,26098.json,1,2
spring-framework,15051.json,2,5
spring-framework,12428.json,0,5
spring-framework,12427.json,0,5
spring-framework,12423.json,0,5
spring-framework,13428.json,1,4
sonarqube,11064.json,0,4
sonarqube,1454.json,3,3
sonarqube,2297.json,7,4
sonarqube,12391.json,1,4
sonarqube,14783.json,4,4
sonarqube,1136.json,0,2
sonarqube,18140.json,3,5
sonarqube,10480.json,5,3
sonarqube,19951.json,6,3
sonarqube,4891.json,2,3
sonarqube,1730.json,1,3
sonarqube,18846.json,0,4
sonarqube,7206.json,1,5
sonarqube,19956.json,2,3
sonarqube,20010.json,0,3
sonarqube,18436.json,1,5
sonarqube,20864.json,0,2
sonarqube,8852.json,4,2
sonarqube,17133.json,1,3
sonarqube,20160.json,1,4
sonarqube,14376.json,6,4
sonarqube,20862.json,0,2
sonarqube,15173.json,1,3
sonarqube,8268.json,4,3
sonarqube,14452.json,17,3
sonarqube,3479.json,1,2
sonarqube,16878.json,2,3
sonarqube,17135.json,1,3
sonarqube,34.json,1,5
sonarqube,15946.json,2,2
sonarqube,5976.json,3,2
sonarqube,2356.json,12,5
sonarqube,1134.json,0,2
sonarqube,19198.json,0,5
sonarqube,6770.json,2,4
sonarqube,3937.json,1,5
sonarqube,6600.json,2,5
sonarqube,7882.json,0,3
sonarqube,3682.json,1,4
sonarqube,20670.json,0,3
sonarqube,19196.json,0,5
sonarqube,20116.json,0,4
sonarqube,1143.json,0,4
sonarqube,2756.json,2,3
sonarqube,3936.json,1,5
sonarqube,5225.json,2,3
sonarqube,3935.json,1,5
sonarqube,17859.json,7,4
sonarqube,18437.json,1,5
sonarqube,8330.json,3,3
sonarqube,19348.json,1,4
sonarqube,4469.json,5,4
sonarqube,16875.json,2,3
sonarqube,20264.json,2,3
sonarqube,20113.json,0,4
sonarqube,19207.json,0,5
sonarqube,8725.json,2,5
sonarqube,6054.json,11,3
sonarqube,10739.json,5,2
sonarqube,1485.json,3,3
sonarqube,18826.json,1,2
sonarqube,10312.json,1,4
sonarqube,10496.json,1,5
sonarqube,19726.json,1,3
sonarqube,17931.json,0,4
sonarqube,10181.json,1,3
sonarqube,5636.json,5,3
sonarqube,10472.json,5,3
sonarqube,13984.json,4,4
sonarqube,8049.json,0,2
sonarqube,10983.json,6,3
sonarqube,20853.json,1,2
sonarqube,3538.json,1,3
sonarqube,1142.json,0,4
sonarqube,8675.json,7,3
sonarqube,10265.json,1,3
sonarqube,4154.json,6,2
sonarqube,683.json,2,2
sonarqube,6768.json,2,4
sonarqube,15012.json,5,3
sonarqube,4977.json,3,5
sonarqube,20270.json,7,3
sonarqube,14433.json,3,2
sonarqube,15831.json,1,4
sonarqube,4978.json,3,5
sonarqube,17866.json,7,5
sonarqube,17972.json,0,3
sonarqube,8511.json,4,2
sonarqube,70.json,1,3
sonarqube,1145.json,0,4
sonarqube,10741.json,5,2
sonarqube,15161.json,1,3
sonarqube,20861.json,0,2
sonarqube,42.json,1,5
sonarqube,18998.json,0,4
sonarqube,20280.json,2,4
sonarqube,7883.json,0,3
sonarqube,3731.json,2,5
sonarqube,8690.json,8,2
sonarqube,8870.json,0,4
sonarqube,18472.json,1,3
sonarqube,19590.json,2,4
sonarqube,16742.json,2,3
sonarqube,1960.json,3,2
sonarqube,4237.json,3,5
sonarqube,20513.json,8,3
sonarqube,664.json,4,2
sonarqube,6061.json,1,4
sonarqube,14438.json,6,4
sonarqube,20766.json,1,2
sonarqube,18434.json,0,5
sonarqube,14700.json,4,3
sonarqube,10797.json,1,5
sonarqube,2907.json,4,4
sonarqube,12671.json,3,2
sonarqube,4394.json,18,3
sonarqube,3376.json,1,4
sonarqube,17871.json,8,4
sonarqube,19493.json,0,4
sonarqube,14222.json,4,4
sonarqube,9312.json,3,4
sonarqube,18395.json,0,3
sonarqube,16429.json,0,4
sonarqube,18163.json,0,4
sonarqube,5676.json,2,4
sonarqube,4156.json,2,2
sonarqube,4874.json,0,4
sonarqube,18418.json,0,4
sonarqube,69.json,2,3
sonarqube,5641.json,3,3
sonarqube,20109.json,0,4
sonarqube,14850.json,4,2
sonarqube,22.json,1,5
sonarqube,1550.json,7,2
sonarqube,5362.json,1,3
sonarqube,17136.json,1,3
sonarqube,5411.json,1,2
sonarqube,8329.json,5,3
sonarqube,18334.json,0,2
sonarqube,19195.json,0,5
sonarqube,8311.json,1,2
sonarqube,892.json,0,2
sonarqube,18432.json,0,5
sonarqube,14181.json,8,4
sonarqube,16743.json,2,3
sonarqube,14417.json,5,4
sonarqube,7884.json,0,3
sonarqube,9310.json,5,4
sonarqube,20110.json,0,4
sonarqube,1144.json,0,4
sonarqube,6882.json,3,3
sonarqube,19197.json,0,5
sonarqube,9636.json,3,3
sonarqube,8665.json,7,3
sonarqube,5366.json,1,3
sonarqube,15184.json,1,3
sonarqube,1002.json,0,2
sonarqube,14448.json,13,2
sonarqube,15131.json,6,3
sonarqube,5472.json,3,3
sonarqube,338.json,0,2
sonarqube,7151.json,8,2
sonarqube,1549.json,7,2
sonarqube,10314.json,3,4
sonarqube,43.json,2,5
sonarqube,6044.json,5,2
sonarqube,18867.json,0,3
sonarqube,6626.json,12,3
sonarqube,18133.json,1,5
sonarqube,1900.json,2,5
sonarqube,16741.json,3,3
sonarqube,8686.json,3,4
sonarqube,14062.json,5,4
sonarqube,9316.json,3,3
sonarqube,3375.json,1,4
sonarqube,1749.json,1,5
sonarqube,6769.json,2,4
sonarqube,5075.json,3,5
sonarqube,9681.json,3,3
sonarqube,9211.json,11,2
sonarqube,17341.json,1,3
sonarqube,7150.json,5,2
sonarqube,20556.json,6,3
sonarqube,9889.json,3,3
sonarqube,1907.json,2,5
sonarqube,20281.json,2,4
sonarqube,12672.json,3,4
sonarqube,907.json,1,2
sonarqube,20863.json,0,2
sonarqube,14449.json,11,3
sonarqube,20008.json,5,2
sonarqube,4303.json,1,5
sonarqube,5358.json,4,3
sonarqube,9646.json,5,2
sonarqube,16851.json,1,4
sonarqube,14435.json,10,4
sonarqube,16343.json,2,3
sonarqube,8741.json,2,5
sonarqube,18845.json,0,4
sonarqube,18989.json,2,3
sonarqube,12673.json,2,4
sonarqube,685.json,2,2
sonarqube,10796.json,1,5
sonarqube,18139.json,1,5
sonarqube,6759.json,2,4
sonarqube,17134.json,1,3
sonarqube,6148.json,0,4
sonarqube,4907.json,2,2
voldemort,9608.json,1,3
voldemort,10087.json,0,2
voldemort,8600.json,0,4
voldemort,10917.json,1,2
voldemort,9512.json,0,5
voldemort,10361.json,0,5
voldemort,10363.json,0,5
voldemort,9518.json,0,5
voldemort,9517.json,0,5
voldemort,10362.json,0,5
voldemort,9607.json,1,3
voldemort,8659.json,0,3
voldemort,9827.json,0,4
voldemort,10386.json,0,3
voldemort,664.json,0,2
voldemort,9494.json,0,5
voldemort,7092.json,4,4
voldemort,10508.json,1,3
voldemort,8842.json,1,4
voldemort,10579.json,0,2
voldemort,8599.json,1,4
voldemort,887.json,0,4
voldemort,10572.json,2,4
voldemort,8609.json,0,2
voldemort,9513.json,0,5
voldemort,10530.json,1,2
voldemort,9466.json,0,4
voldemort,8598.json,0,4
voldemort,7708.json,0,5
voldemort,78.json,2,2
voldemort,7504.json,12,4
voldemort,7983.json,1,5
cassandra,18583.json,0,2
cassandra,15724.json,1,2
cassandra,10669.json,2,3
cassandra,10670.json,2,3
cassandra,23192.json,0,2
cassandra,7605.json,0,2
cassandra,3122.json,1,3
cassandra,23349.json,1,5
cassandra,22663.json,0,2
cassandra,10678.json,4,3
cassandra,21387.json,1,2
cassandra,22672.json,0,2
cassandra,7180.json,4,5
cassandra,21395.json,1,2
cassandra,7140.json,0,2
cassandra,7377.json,3,5
cassandra,7141.json,0,2
cassandra,15608.json,1,3
cassandra,3088.json,2,5
cassandra,3123.json,1,3
cassandra,18590.json,0,2
cassandra,23352.json,1,5
cassandra,7604.json,0,2
cassandra,15607.json,2,3
cassandra,1133.json,3,2
jgit,5007.json,0,3
jgit,8871.json,0,4
jgit,9158.json,0,2
jgit,8282.json,2,2
jgit,8607.json,1,4
jgit,7048.json,0,2
jgit,841.json,0,4
jgit,1815.json,2,4
jgit,9172.json,0,2
jgit,9870.json,0,4
jgit,2284.json,0,4
jgit,2699.json,0,4
jgit,9384.json,2,2
jgit,7297.json,0,2
jgit,7050.json,0,2
jgit,9432.json,2,3
jgit,41.json,0,2
jgit,6021.json,0,4
jgit,9496.json,0,3
jgit,6339.json,0,4
jgit,1451.json,0,4
jgit,1408.json,1,5
jgit,8870.json,1,4
jgit,9383.json,2,2
jgit,5560.json,1,3
jgit,1001.json,1,5
jgit,9494.json,0,3
jgit,7374.json,0,2
jgit,842.json,0,4
jgit,8378.json,0,5
jgit,46.json,1,2
jgit,5508.json,0,4
jgit,1254.json,1,4
jgit,8184.json,0,2
jgit,5511.json,0,4
jgit,8400.json,0,5
jgit,5563.json,1,3
jgit,997.json,0,5
jgit,1257.json,1,4
jgit,8189.json,0,2
jgit,7401.json,0,3
jgit,6293.json,2,2
jgit,7604.json,1,3
jgit,7368.json,1,2
jgit,5564.json,0,3
jgit,4698.json,2,4
jgit,7992.json,1,3
jgit,9433.json,3,3
jgit,8283.json,2,2
weka,27694.json,3,4
weka,33432.json,0,3
weka,21612.json,2,3
weka,27849.json,0,2
weka,30923.json,9,4
weka,14723.json,0,5
weka,29067.json,0,4
weka,4440.json,3,5
weka,11692.json,0,3
weka,28529.json,3,3
weka,17512.json,3,2
weka,10705.json,4,2
weka,1644.json,2,4
weka,26434.json,4,2
weka,18902.json,0,2
weka,36605.json,1,5
weka,25951.json,5,5
weka,15246.json,7,3
weka,28143.json,4,2
weka,14463.json,0,5
weka,17451.json,3,3
weka,16573.json,0,2
weka,24497.json,0,5
weka,10483.json,0,5
weka,33438.json,0,3
weka,17452.json,3,3
weka,20084.json,0,3
weka,4439.json,1,5
weka,33745.json,1,2
weka,14368.json,1,5
weka,20098.json,0,3
weka,26247.json,3,5
weka,22383.json,1,2
weka,4729.json,3,2
weka,4969.json,0,2
weka,18610.json,1,2
weka,32882.json,0,5
weka,18379.json,3,5
weka,32875.json,0,5
weka,27018.json,0,3
weka,22574.json,0,3
weka,29121.json,2,2
weka,24330.json,2,5
weka,21611.json,2,3
weka,19490.json,2,2
weka,25729.json,0,2
weka,14767.json,4,2
weka,15698.json,2,3
weka,18343.json,0,3
weka,19207.json,0,2
weka,8558.json,1,3
weka,18313.json,3,2
weka,29444.json,0,4
weka,14491.json,1,5
weka,18337.json,0,3
weka,11894.json,3,3
weka,15920.json,0,3
weka,13954.json,0,3
weka,5913.json,0,3
weka,11722.json,0,3
weka,20414.json,2,3
weka,36168.json,0,3
weka,25728.json,1,2
weka,5925.json,0,3
weka,27279.json,3,2
weka,21591.json,4,3
weka,13956.json,0,3
weka,29433.json,0,4
weka,32892.json,0,5
weka,26095.json,4,2
weka,6567.json,0,4
weka,14984.json,3,4
weka,36870.json,0,3
weka,1487.json,0,4
weka,10092.json,4,3
weka,18534.json,0,5
weka,26070.json,2,2
weka,10326.json,2,4
weka,26221.json,3,5
weka,22480.json,0,3
weka,1643.json,2,4
weka,8611.json,4,5
weka,26001.json,4,2
weka,17524.json,3,3
weka,19193.json,1,4
weka,24356.json,2,5
weka,25370.json,3,4
weka,27020.json,7,4
weka,30090.json,1,4
weka,9957.json,0,4
weka,5850.json,0,3
weka,4720.json,5,4
weka,21732.json,1,3
weka,9951.json,1,2
weka,15884.json,3,5
weka,24521.json,0,5
weka,30025.json,0,4
weka,30150.json,0,2
weka,15953.json,3,2
weka,14908.json,3,2
weka,24326.json,4,5
weka,31953.json,5,5
weka,18518.json,0,5
weka,17832.json,2,5
weka,30709.json,0,4
weka,28332.json,2,2
weka,36165.json,0,3
weka,11892.json,3,3
weka,19057.json,2,3
weka,29593.json,2,4
weka,31209.json,0,2
weka,11730.json,0,3
weka,4961.json,0,2
weka,31965.json,4,2
weka,30130.json,1,4
weka,16959.json,0,2
weka,31086.json,0,4
weka,4443.json,0,5
weka,1443.json,0,4
weka,31434.json,5,2
weka,15245.json,4,3
weka,33621.json,0,2
weka,32372.json,0,2
weka,18519.json,0,5
weka,29686.json,0,4
weka,32370.json,0,2
weka,20079.json,0,3
weka,27027.json,2,3
weka,37292.json,1,2
weka,31437.json,4,2
weka,1470.json,0,4
weka,27015.json,3,3
weka,33435.json,0,3
weka,24909.json,5,2
weka,22359.json,0,2
weka,24859.json,0,3
weka,10093.json,4,3
weka,15300.json,0,2
weka,25371.json,3,4
weka,16950.json,0,2
weka,18659.json,0,5
weka,27848.json,0,2
weka,32086.json,2,3
weka,30147.json,0,2
weka,11572.json,0,2
weka,18344.json,0,3
weka,17455.json,4,3
weka,15846.json,2,2
weka,19464.json,2,4
weka,8504.json,1,3
weka,26593.json,0,2
weka,18903.json,3,2
weka,4903.json,4,4
weka,11891.json,4,3
weka,31024.json,2,4
weka,32092.json,5,3
weka,37029.json,0,5
weka,24862.json,0,3
weka,17457.json,4,3
weka,17021.json,4,5
weka,18378.json,3,5
weka,18611.json,1,2
weka,17275.json,4,3
weka,1512.json,0,3
weka,27308.json,0,3
weka,21613.json,4,3
weka,11222.json,4,2
weka,37017.json,0,5
weka,31085.json,0,4
weka,26063.json,3,2
weka,24382.json,2,5
weka,16784.json,3,2
weka,31506.json,1,5
weka,27062.json,3,3
weka,18439.json,2,4
weka,15849.json,2,5
weka,36506.json,0,2
weka,6570.json,1,2
weka,18440.json,2,4
weka,26163.json,3,2
weka,29437.json,0,4
weka,16574.json,0,2
weka,36753.json,0,3
weka,19887.json,0,3
weka,18488.json,2,2
weka,18966.json,3,2
weka,4442.json,0,5
weka,20096.json,0,3
weka,17835.json,9,5
weka,17511.json,3,2
weka,27719.json,9,2
weka,17833.json,2,5
weka,26226.json,3,5
weka,24887.json,2,3
weka,24938.json,1,4
weka,14369.json,1,5
weka,36754.json,0,3
weka,23676.json,10,2
weka,1745.json,4,2
weka,24379.json,2,2
weka,20407.json,0,3
weka,6573.json,6,2
weka,24378.json,2,2
weka,21750.json,6,2
weka,31507.json,1,5
weka,37255.json,1,4
weka,30045.json,0,4
weka,18102.json,2,2
weka,31208.json,0,2
weka,17552.json,5,3
weka,2873.json,0,3
weka,36752.json,0,3
weka,28787.json,1,4
weka,25663.json,3,5
weka,4722.json,5,4
weka,20683.json,0,2
weka,15290.json,0,2
weka,36166.json,0,3
weka,14880.json,0,4
weka,17857.json,9,5
weka,18959.json,0,2
weka,10577.json,5,2
weka,17834.json,12,5
weka,33593.json,0,2
weka,10095.json,5,3
weka,32874.json,0,5
weka,29841.json,0,2
weka,4437.json,1,5
weka,19514.json,2,2
weka,33624.json,0,2
weka,30094.json,0,4
weka,9952.json,2,2
weka,15697.json,2,3
weka,18419.json,4,5
weka,11217.json,3,2
weka,27278.json,4,2
weka,24520.json,0,5
weka,30708.json,0,4
weka,26964.json,0,3
weka,30027.json,0,4
weka,29435.json,0,4
weka,22358.json,0,2
weka,1709.json,0,4
weka,14479.json,1,5
weka,31828.json,3,2
xerces2-j,4180.json,2,3
xerces2-j,8335.json,3,2
xerces2-j,1276.json,0,3
xerces2-j,2809.json,0,4
xerces2-j,124.json,2,5
xerces2-j,5907.json,0,3
xerces2-j,5442.json,0,3
xerces2-j,2342.json,0,2
xerces2-j,8397.json,4,2
xerces2-j,6868.json,0,4
xerces2-j,4878.json,0,3
xerces2-j,4215.json,0,3
xerces2-j,8298.json,0,5
xerces2-j,4877.json,0,3
xerces2-j,3530.json,0,3
xerces2-j,3161.json,0,2
xerces2-j,4854.json,1,4
xerces2-j,4969.json,0,4
xerces2-j,6850.json,0,3
xerces2-j,6094.json,1,4
xerces2-j,5326.json,1,3
xerces2-j,3115.json,0,2
xerces2-j,3267.json,0,4
xerces2-j,7602.json,0,2
xerces2-j,3751.json,0,4
xerces2-j,3335.json,0,4
xerces2-j,1391.json,0,5
xerces2-j,5991.json,0,5
xerces2-j,2290.json,0,2
xerces2-j,6799.json,0,4
xerces2-j,911.json,0,4
xerces2-j,7296.json,0,3
xerces2-j,7606.json,0,2
xerces2-j,5410.json,0,4
xerces2-j,5953.json,0,2
xerces2-j,3745.json,0,4
xerces2-j,5434.json,1,5
xerces2-j,6717.json,2,2
xerces2-j,4327.json,1,4
xerces2-j,2921.json,0,4
xerces2-j,2894.json,0,3
xerces2-j,4856.json,1,4
xerces2-j,216.json,0,5
xerces2-j,2240.json,0,2
xerces2-j,3370.json,0,4
xerces2-j,5321.json,0,5
xerces2-j,381.json,0,4
xerces2-j,4217.json,0,3
xerces2-j,5955.json,0,2
xerces2-j,2992.json,0,4
xerces2-j,215.json,0,5
xerces2-j,6856.json,0,4
xerces2-j,5457.json,2,2
xerces2-j,5441.json,0,4
xerces2-j,4876.json,0,3
xerces2-j,4884.json,0,3
xerces2-j,7021.json,3,5
xerces2-j,1396.json,2,3
xerces2-j,3362.json,0,3
xerces2-j,4525.json,0,4
xerces2-j,206.json,0,4
xerces2-j,4363.json,0,4
xerces2-j,4410.json,0,2
xerces2-j,2709.json,0,5
xerces2-j,3084.json,0,3
xerces2-j,3738.json,0,4
xerces2-j,3087.json,0,3
xerces2-j,6852.json,0,3
xerces2-j,5409.json,0,4
xerces2-j,233.json,0,4
xerces2-j,3361.json,0,3
xerces2-j,2762.json,0,4
xerces2-j,5035.json,0,2
xerces2-j,4868.json,0,2
xerces2-j,4181.json,1,3
xerces2-j,3074.json,0,3
xerces2-j,2920.json,0,4
xerces2-j,8329.json,0,2
xerces2-j,4216.json,0,3
xerces2-j,4818.json,1,4
xerces2-j,7852.json,0,2
xerces2-j,4605.json,0,2
xerces2-j,7645.json,0,2
xerces2-j,8398.json,4,2
xerces2-j,1274.json,0,3
xerces2-j,447.json,0,2
xerces2-j,4855.json,1,4
xerces2-j,5435.json,1,5
xerces2-j,6661.json,0,2
xerces2-j,5292.json,0,5
xerces2-j,1275.json,0,3
xerces2-j,4956.json,1,3
xerces2-j,5992.json,0,5
xerces2-j,4967.json,0,4
xerces2-j,5906.json,0,3
xerces2-j,5637.json,0,2
xerces2-j,203.json,0,4
xerces2-j,3374.json,0,4
xerces2-j,3732.json,0,2
xerces2-j,3038.json,1,3
xerces2-j,4328.json,1,4
xerces2-j,2547.json,0,3
xerces2-j,263.json,0,4
xerces2-j,2655.json,1,4
xerces2-j,8288.json,0,2
xerces2-j,5408.json,0,4
xerces2-j,232.json,0,4
xerces2-j,4329.json,1,4
xerces2-j,5291.json,0,5
xerces2-j,3334.json,0,4
xerces2-j,2651.json,0,3
xerces2-j,384.json,0,4
xerces2-j,2919.json,0,4
xerces2-j,6097.json,1,5
xerces2-j,5407.json,0,4
xerces2-j,2690.json,1,3
xerces2-j,5946.json,0,2
xerces2-j,4965.json,0,4
xerces2-j,214.json,0,5
xerces2-j,383.json,0,4
xerces2-j,7808.json,0,2
xerces2-j,2360.json,0,3
xerces2-j,2808.json,0,4
xerces2-j,5310.json,0,5
xerces2-j,4962.json,1,3
xerces2-j,223.json,0,3
xerces2-j,2918.json,0,4
xerces2-j,3859.json,0,5
xerces2-j,5286.json,0,3
xerces2-j,197.json,1,5
hibernate-orm,2773.json,0,5
hibernate-orm,821.json,1,4
hibernate-orm,2739.json,0,5
hibernate-orm,16872.json,1,3
hibernate-orm,20474.json,0,5
hibernate-orm,24830.json,3,4
hibernate-orm,4420.json,7,3
hibernate-orm,2770.json,0,5
hibernate-orm,28183.json,1,2
hibernate-orm,23506.json,1,2
hibernate-orm,22627.json,1,2
hibernate-orm,24831.json,3,4
hibernate-orm,25285.json,5,4
hibernate-orm,8450.json,0,2
hibernate-orm,20924.json,0,5
hibernate-orm,9570.json,2,4
hibernate-orm,8449.json,0,2
hibernate-orm,26225.json,0,5
hibernate-orm,2457.json,0,5
hibernate-orm,25994.json,4,4
hibernate-orm,1510.json,0,2
hibernate-orm,16772.json,1,3
hibernate-orm,9569.json,1,4
hibernate-orm,22654.json,3,2
hibernate-orm,16763.json,0,3
hibernate-orm,4418.json,0,5
hibernate-orm,25085.json,7,3
hibernate-orm,22935.json,0,3
hibernate-orm,18961.json,0,5
hibernate-orm,4417.json,0,5
presto,31542.json,0,4
presto,39614.json,2,2
presto,6951.json,0,5
presto,19303.json,0,2
presto,12034.json,3,4
presto,39605.json,2,2
presto,35226.json,0,4
presto,8481.json,0,2
presto,38142.json,1,3
presto,11640.json,0,4
presto,7729.json,1,2
presto,16177.json,1,2
presto,13350.json,0,3
presto,8478.json,1,2
presto,8475.json,0,2
presto,27008.json,0,3
presto,9508.json,1,3
presto,9497.json,5,3
presto,16285.json,0,2
presto,8479.json,0,2
presto,15107.json,2,2
presto,11577.json,14,3
presto,6959.json,0,5
presto,24282.json,0,3
presto,8480.json,0,2
presto,19710.json,2,3
presto,17972.json,0,2
presto,15371.json,0,2
presto,1396.json,2,2
presto,11736.json,0,2
presto,35229.json,0,4
presto,13590.json,0,3
presto,27136.json,0,4
presto,25787.json,0,3
presto,11567.json,10,3
presto,8476.json,1,2
presto,5298.json,7,4
presto,22172.json,2,4
presto,15378.json,2,5
presto,7740.json,1,2
presto,1414.json,0,2
presto,35228.json,0,4
presto,19309.json,0,3
presto,2928.json,0,5
presto,32286.json,0,4
presto,2521.json,2,2
presto,35230.json,0,4
presto,21898.json,0,4
presto,27135.json,0,4
presto,16180.json,2,2
presto,2388.json,0,5
presto,17519.json,7,2
presto,6234.json,0,5
presto,1500.json,2,2
presto,24224.json,0,3
presto,3098.json,0,5
presto,2829.json,0,5
presto,6958.json,0,5
presto,6269.json,10,2
presto,6233.json,0,5
netty,12391.json,2,4
netty,13259.json,0,3
netty,10318.json,0,4
netty,3231.json,0,3
netty,19176.json,0,5
netty,1318.json,0,5
netty,13260.json,0,3
netty,5875.json,0,3
netty,15294.json,0,4
netty,13602.json,1,3
netty,3228.json,0,3
netty,6395.json,5,2
netty,3879.json,0,3
netty,19716.json,0,3
netty,14915.json,0,5
netty,1317.json,0,5
netty,5887.json,0,3
netty,10323.json,0,4
netty,8900.json,0,3
netty,9394.json,0,4
netty,2161.json,0,3
netty,13943.json,0,3
netty,9283.json,0,4
netty,19717.json,0,3
netty,14914.json,0,5
netty,5613.json,0,5
netty,15283.json,0,2
netty,6401.json,6,2
netty,15024.json,2,2
netty,19694.json,0,3
netty,15318.json,0,4
netty,12386.json,1,4
netty,12389.json,1,4
netty,15276.json,0,2
netty,3893.json,0,3
netty,6396.json,7,2
netty,9412.json,0,4
netty,3232.json,0,3
netty,6402.json,6,2
netty,14596.json,1,3
netty,5880.json,0,3
netty,9377.json,0,4
argouml,12726.json,1,2
argouml,14366.json,0,4
argouml,14378.json,0,4
argouml,10477.json,0,2
argouml,14365.json,0,4
docx4j,3197.json,12,2
docx4j,5275.json,2,4
docx4j,6928.json,3,2
docx4j,6364.json,1,2
docx4j,5418.json,3,2
docx4j,5258.json,1,4
docx4j,6363.json,1,2
docx4j,2747.json,4,4
docx4j,2359.json,4,2
docx4j,5453.json,9,3
mockito,84.json,2,5
mockito,1450.json,0,2
mockito,743.json,0,2
mockito,699.json,4,2
mockito,1086.json,0,5
mockito,1549.json,0,5
mockito,1547.json,0,5
mockito,342.json,0,4
mockito,436.json,0,5
mongo-java-driver,10087.json,1,2
mongo-java-driver,1327.json,0,3
mongo-java-driver,9519.json,19,4
mongo-java-driver,6067.json,0,2
mongo-java-driver,10437.json,2,2
mongo-java-driver,1165.json,2,2
mongo-java-driver,3567.json,8,2
mongo-java-driver,9951.json,0,3
mongo-java-driver,3577.json,6,2
mongo-java-driver,9543.json,0,3
mongo-java-driver,5330.json,1,2
mongo-java-driver,3362.json,7,2
mongo-java-driver,3566.json,7,2
mongo-java-driver,6068.json,0,2
mongo-java-driver,1501.json,3,5
mongo-java-driver,3377.json,0,2
mongo-java-driver,2261.json,1,5
mongo-java-driver,5358.json,1,5
mongo-java-driver,10095.json,1,2
mongo-java-driver,10443.json,1,2
mongo-java-driver,10652.json,3,4
mongo-java-driver,2250.json,6,4
mongo-java-driver,10651.json,3,4
junit5,120.json,0,3
junit5,2208.json,1,3
junit5,119.json,0,3
junit5,118.json,0,3
Essentials,88.json,1,5
Essentials,2489.json,1,3
Essentials,333.json,0,3
Essentials,2352.json,1,4
Essentials,2369.json,0,4
Essentials,1306.json,3,3
Essentials,2590.json,0,5
Essentials,2594.json,0,5
Essentials,72.json,0,2
Essentials,2665.json,0,4
Essentials,39.json,2,5
Essentials,178.json,2,3
Essentials,2667.json,0,4
Essentials,2464.json,0,2
Essentials,2664.json,0,4
Essentials,2466.json,0,2
Essentials,2209.json,0,2
Essentials,63.json,2,2
Essentials,2360.json,0,4
Essentials,2666.json,0,4
Essentials,156.json,1,5
wicket,7326.json,2,2
wicket,7473.json,2,4
wicket,3855.json,0,3
wicket,3788.json,1,3
wicket,3856.json,0,3
wicket,5714.json,0,4
vraptor4,1180.json,3,2
flink,26087.json,3,4
flink,11159.json,0,4
flink,1611.json,0,2
flink,19773.json,9,4
flink,28403.json,2,2
flink,41436.json,0,2
flink,25098.json,7,3
flink,8673.json,5,3
flink,1634.json,0,2
flink,18050.json,2,3
flink,37608.json,0,5
flink,9820.json,3,3
flink,733.json,4,4
flink,16292.json,6,3
flink,10912.json,13,2
flink,4528.json,3,2
flink,41437.json,0,2
flink,10895.json,3,2
flink,35081.json,7,2
flink,24093.json,0,4
flink,4460.json,4,3
flink,37299.json,9,4
flink,26088.json,3,4
flink,28035.json,3,2
flink,36301.json,11,5
flink,36449.json,8,3
flink,28748.json,0,4
flink,8868.json,6,3
flink,24586.json,2,4
flink,37991.json,0,5
flink,21749.json,1,2
flink,21261.json,0,3
flink,24089.json,11,4
flink,5114.json,0,3
flink,33002.json,0,3
flink,19633.json,9,4
flink,2020.json,2,3
flink,33003.json,0,3
flink,19713.json,9,4
flink,25973.json,3,4
flink,28034.json,3,2
flink,10893.json,3,2
flink,28756.json,0,4
flink,17740.json,6,3
flink,24584.json,5,4
flink,28416.json,1,2
flink,21260.json,1,3
flink,28212.json,0,3
flink,40963.json,13,4
flink,24103.json,1,4
flink,1736.json,3,2
flink,8867.json,1,3
flink,28754.json,0,4
flink,16388.json,2,3
flink,4420.json,7,2
flink,40962.json,13,4
flink,40889.json,0,2
flink,32716.json,3,4
flink,18993.json,2,2
flink,18038.json,5,3
flink,33558.json,2,2
flink,33553.json,2,2
flink,2359.json,2,3
flink,2174.json,1,2
flink,24094.json,0,4
flink,39718.json,1,4
flink,21517.json,1,3
flink,12518.json,5,4
flink,12848.json,9,2
flink,8674.json,5,3
flink,9819.json,3,3
flink,38082.json,6,5
flink,21675.json,1,2
flink,4418.json,7,2
flink,1473.json,4,2
flink,25974.json,3,4
flink,38079.json,6,5
flink,43711.json,0,3
flink,40891.json,0,2
flink,18753.json,0,2
flink,37601.json,0,5
flink,16859.json,0,2
flink,36328.json,12,2
flink,18151.json,6,3
flink,6251.json,0,2
flink,31630.json,1,2
flink,5581.json,0,3
flink,38081.json,6,5
flink,22697.json,8,2
flink,38083.json,6,5
flink,16858.json,0,2
flink,32918.json,1,3
flink,23934.json,0,2
flink,37990.json,0,5
flink,10918.json,9,2
flink,1232.json,4,5
flink,19295.json,4,3
flink,4430.json,4,3
flink,2027.json,5,2
eclipseJdt,22832.json,3,3
eclipseJdt,154.json,0,3
eclipseJdt,14487.json,0,2
eclipseJdt,22774.json,0,3
eclipseJdt,1136.json,0,2
eclipseJdt,2816.json,0,2
eclipseJdt,4144.json,0,5
eclipseJdt,4769.json,0,2
eclipseJdt,18699.json,0,4
eclipseJdt,3366.json,0,5
eclipseJdt,20475.json,0,2
eclipseJdt,27223.json,0,3
eclipseJdt,10767.json,0,4
eclipseJdt,4786.json,0,5
eclipseJdt,13615.json,0,3
eclipseJdt,1572.json,0,3
eclipseJdt,6473.json,0,5
eclipseJdt,27107.json,0,3
eclipseJdt,3367.json,0,5
eclipseJdt,5304.json,0,3
eclipseJdt,777.json,0,3
eclipseJdt,776.json,0,3
eclipseJdt,3935.json,0,3
eclipseJdt,3792.json,0,2
eclipseJdt,2995.json,0,3
eclipseJdt,14683.json,0,3
eclipseJdt,14706.json,0,3
eclipseJdt,20868.json,0,5
eclipseJdt,11031.json,0,3
eclipseJdt,20419.json,7,2
eclipseJdt,10325.json,0,2
eclipseJdt,10312.json,0,5
eclipseJdt,4139.json,0,3
eclipseJdt,24388.json,0,5
eclipseJdt,17437.json,0,5
eclipseJdt,18438.json,0,2
eclipseJdt,12355.json,0,5
eclipseJdt,26974.json,0,4
eclipseJdt,19381.json,0,2
eclipseJdt,7142.json,0,3
eclipseJdt,22660.json,0,2
eclipseJdt,5434.json,0,4
eclipseJdt,6534.json,0,2
eclipseJdt,20909.json,3,4
eclipseJdt,11933.json,0,2
eclipseJdt,5634.json,0,2
eclipseJdt,20056.json,0,2
eclipseJdt,6476.json,0,5
eclipseJdt,15304.json,0,5
eclipseJdt,24394.json,0,5
eclipseJdt,27710.json,0,2
eclipseJdt,7145.json,0,2
eclipseJdt,26960.json,0,3
eclipseJdt,18738.json,0,4
eclipseJdt,27202.json,0,3
eclipseJdt,3772.json,0,5
eclipseJdt,20994.json,5,4
eclipseJdt,5810.json,0,3
eclipseJdt,1444.json,0,3
eclipseJdt,26975.json,0,4
eclipseJdt,7184.json,0,3
eclipseJdt,2077.json,0,2
eclipseJdt,5428.json,0,2
eclipseJdt,6277.json,0,2
eclipseJdt,1415.json,0,4
eclipseJdt,21525.json,0,3
eclipseJdt,22634.json,0,4
eclipseJdt,1131.json,0,2
eclipseJdt,6061.json,0,3
eclipseJdt,16047.json,3,4
eclipseJdt,18730.json,0,4
eclipseJdt,3762.json,0,4
eclipseJdt,25536.json,0,5
eclipseJdt,4248.json,0,5
eclipseJdt,5217.json,0,3
eclipseJdt,5309.json,0,5
eclipseJdt,3163.json,0,2
eclipseJdt,20605.json,0,2
eclipseJdt,18661.json,5,3
eclipseJdt,5433.json,0,4
eclipseJdt,16049.json,3,4
eclipseJdt,5088.json,0,3
eclipseJdt,19279.json,4,4
eclipseJdt,17653.json,0,4
eclipseJdt,1633.json,0,2
eclipseJdt,12357.json,0,2
eclipseJdt,6128.json,0,4
eclipseJdt,24585.json,0,3
eclipseJdt,20794.json,1,5
eclipseJdt,3285.json,0,2
eclipseJdt,6855.json,1,2
eclipseJdt,4307.json,0,3
eclipseJdt,26172.json,0,5
eclipseJdt,22831.json,3,3
eclipseJdt,24395.json,1,3
eclipseJdt,3580.json,3,2
eclipseJdt,5510.json,0,5
eclipseJdt,4326.json,0,3
eclipseJdt,24387.json,0,5
eclipseJdt,19519.json,0,2
eclipseJdt,1564.json,5,5
eclipseJdt,6902.json,1,2
eclipseJdt,25436.json,0,5
eclipseJdt,20774.json,0,4
eclipseJdt,16039.json,2,4
eclipseJdt,22362.json,0,5
eclipseJdt,2989.json,0,3
eclipseJdt,20354.json,6,2
eclipseJdt,20112.json,0,2
eclipseJdt,18745.json,0,3
eclipseJdt,6007.json,2,2
eclipseJdt,24567.json,0,3
eclipseJdt,25537.json,0,5
eclipseJdt,1003.json,0,5
eclipseJdt,2965.json,0,2
eclipseJdt,14486.json,0,2
eclipseJdt,3357.json,0,2
eclipseJdt,16014.json,0,4
eclipseJdt,12287.json,0,3
eclipseJdt,18697.json,0,4
eclipseJdt,20492.json,0,2
eclipseJdt,25406.json,0,2
eclipseJdt,22661.json,0,2
eclipseJdt,17458.json,0,5
eclipseJdt,24989.json,0,2
eclipseJdt,991.json,0,2
eclipseJdt,25538.json,0,5
eclipseJdt,6063.json,0,3
eclipseJdt,27087.json,0,3
eclipseJdt,26461.json,2,3
eclipseJdt,10779.json,0,2
eclipseJdt,5248.json,0,2
eclipseJdt,17839.json,3,2
eclipseJdt,4538.json,0,2
eclipseJdt,9831.json,0,2
eclipseJdt,25839.json,0,4
eclipseJdt,2820.json,0,2
eclipseJdt,17759.json,1,5
eclipseJdt,18479.json,6,4
eclipseJdt,24634.json,0,2
eclipseJdt,20612.json,0,2
commons-lang,2671.json,7,4
commons-lang,2669.json,3,4
commons-lang,149.json,0,4
commons-lang,2670.json,7,4
commons-lang,45.json,3,3
commons-lang,55.json,4,3
commons-lang,170.json,0,4
commons-lang,2662.json,8,4
commons-lang,147.json,0,4
elasticsearch,63885.json,12,2
elasticsearch,40987.json,6,2
elasticsearch,45454.json,11,2
elasticsearch,42280.json,0,2
elasticsearch,14836.json,0,5
elasticsearch,37850.json,2,2
elasticsearch,14833.json,0,5
elasticsearch,11566.json,0,3
elasticsearch,9516.json,0,4
elasticsearch,2430.json,2,2
elasticsearch,42508.json,1,4
elasticsearch,41711.json,1,2
elasticsearch,14827.json,0,5
elasticsearch,11361.json,0,4
elasticsearch,16030.json,0,5
elasticsearch,20903.json,1,3
elasticsearch,24703.json,0,2
elasticsearch,60533.json,4,5
elasticsearch,55095.json,4,3
elasticsearch,36095.json,2,3
elasticsearch,52429.json,0,3
elasticsearch,32686.json,1,4
elasticsearch,60091.json,0,2
elasticsearch,13765.json,0,3
elasticsearch,11183.json,0,2
elasticsearch,32693.json,1,4
elasticsearch,52343.json,1,4
elasticsearch,36854.json,0,2
elasticsearch,43807.json,2,4
elasticsearch,37474.json,0,2
elasticsearch,11419.json,1,2
elasticsearch,32055.json,1,5
elasticsearch,14835.json,0,5
elasticsearch,9105.json,2,2
elasticsearch,9517.json,0,4
elasticsearch,66609.json,2,2
elasticsearch,7557.json,4,4
elasticsearch,8093.json,0,2
elasticsearch,65233.json,6,2
elasticsearch,40988.json,6,2
elasticsearch,24704.json,1,2
elasticsearch,47919.json,7,3
elasticsearch,16033.json,0,5
elasticsearch,53007.json,1,2
elasticsearch,42765.json,4,3
elasticsearch,14611.json,12,5
elasticsearch,43369.json,1,4
elasticsearch,36895.json,4,2
elasticsearch,7520.json,1,4
elasticsearch,58647.json,0,3
elasticsearch,36094.json,3,3
elasticsearch,11698.json,0,2
elasticsearch,9417.json,0,4
elasticsearch,42625.json,2,4
elasticsearch,55639.json,3,3
elasticsearch,60429.json,5,4
elasticsearch,56542.json,5,4
elasticsearch,13941.json,0,4
elasticsearch,43371.json,0,4
elasticsearch,41172.json,1,3
elasticsearch,60090.json,0,2
elasticsearch,15382.json,8,3
elasticsearch,63200.json,0,3
elasticsearch,36878.json,2,4
elasticsearch,6070.json,3,3
elasticsearch,48926.json,0,4
elasticsearch,36093.json,3,3
elasticsearch,53006.json,1,2
elasticsearch,53546.json,0,2
elasticsearch,12337.json,0,4
elasticsearch,32054.json,1,5
elasticsearch,65421.json,10,2
elasticsearch,43851.json,2,2
elasticsearch,42460.json,0,4
elasticsearch,20904.json,1,3
elasticsearch,11233.json,2,2
elasticsearch,42611.json,2,4
elasticsearch,2947.json,0,3
elasticsearch,32053.json,1,5
elasticsearch,31818.json,0,3
elasticsearch,55249.json,3,4
elasticsearch,45584.json,3,4
elasticsearch,65300.json,5,3
elasticsearch,62464.json,0,2
elasticsearch,10891.json,1,2
elasticsearch,16032.json,0,5
elasticsearch,63194.json,1,3
elasticsearch,10972.json,3,2
elasticsearch,50680.json,0,2
elasticsearch,15066.json,5,3
elasticsearch,10281.json,3,5
elasticsearch,43516.json,0,2
elasticsearch,43814.json,2,4
elasticsearch,6444.json,2,4
elasticsearch,20626.json,0,3
elasticsearch,52418.json,0,3
elasticsearch,36963.json,1,2
elasticsearch,65419.json,10,2
elasticsearch,55402.json,3,4
elasticsearch,58188.json,0,4
elasticsearch,13764.json,0,3
elasticsearch,2428.json,2,2
elasticsearch,7519.json,1,4
elasticsearch,42744.json,3,3
elasticsearch,50030.json,0,3
elasticsearch,34083.json,1,3
elasticsearch,15380.json,8,3
elasticsearch,63968.json,11,2
elasticsearch,42279.json,0,2
elasticsearch,16031.json,0,5
elasticsearch,37849.json,2,2
elasticsearch,31951.json,7,4
elasticsearch,31966.json,1,5
elasticsearch,34166.json,1,3
elasticsearch,10236.json,12,3
elasticsearch,52345.json,2,4
elasticsearch,60675.json,0,2
elasticsearch,31819.json,0,3
elasticsearch,8110.json,0,2
elasticsearch,10290.json,4,5
elasticsearch,59765.json,1,2
elasticsearch,32685.json,1,4
elasticsearch,13766.json,0,3
elasticsearch,12520.json,2,4
elasticsearch,14584.json,13,4
elasticsearch,57501.json,5,5
elasticsearch,55097.json,4,3
elasticsearch,37571.json,16,2
elasticsearch,47744.json,0,4
elasticsearch,36837.json,2,4
checkstyle,972.json,3,5
checkstyle,3810.json,0,2
checkstyle,1679.json,5,3
checkstyle,2839.json,9,3
checkstyle,974.json,3,5
checkstyle,976.json,3,5
checkstyle,3812.json,0,2
checkstyle,773.json,3,4
checkstyle,973.json,3,5
checkstyle,975.json,3,5
lombok,3161.json,0,4
lombok,906.json,0,4
lombok,2458.json,0,3
lombok,904.json,0,4
lombok,3201.json,1,4
lombok,924.json,0,3
lombok,905.json,0,4
lombok,929.json,0,3
lombok,955.json,0,2
lombok,907.json,0,4
lombok,808.json,1,5
lombok,928.json,0,3
hibernate-search,1390.json,18,3
hibernate-search,2144.json,1,2
hibernate-search,263.json,11,3
hibernate-search,1393.json,12,3
hibernate-search,2151.json,0,2
wildfly,9068.json,1,2
wildfly,21490.json,2,3
wildfly,10237.json,3,4
wildfly,19169.json,2,5
wildfly,19108.json,4,5
wildfly,19825.json,2,4
wildfly,8971.json,5,3
wildfly,19109.json,0,4
wildfly,1743.json,1,4
wildfly,6067.json,1,2
wildfly,11922.json,0,3
wildfly,19340.json,4,3
wildfly,15715.json,6,5
wildfly,18302.json,1,2
wildfly,19111.json,1,4
wildfly,10022.json,5,4
wildfly,5448.json,3,5
wildfly,4653.json,2,3
wildfly,10451.json,0,2
wildfly,19030.json,8,2
wildfly,10020.json,7,4
wildfly,19055.json,4,2
wildfly,19168.json,2,5
wildfly,4701.json,3,5
wildfly,19110.json,1,4
wildfly,8972.json,4,3
wildfly,21049.json,1,5
wildfly,8969.json,4,3
wildfly,18457.json,2,2
wildfly,1862.json,9,4
wildfly,13021.json,3,2
wildfly,10021.json,6,4
wildfly,17076.json,0,2
wildfly,4707.json,3,3
wildfly,17074.json,0,2
wildfly,5447.json,3,5
wildfly,18458.json,0,2
wildfly,15716.json,6,5
wildfly,6073.json,3,2
wildfly,4709.json,4,5
wildfly,12192.json,3,3
wildfly,19105.json,3,5
javaparser,3312.json,1,3
javaparser,5657.json,1,3
javaparser,5646.json,1,3
javaparser,5197.json,4,3
javaparser,3313.json,0,3
javaparser,5057.json,1,3
javaparser,5655.json,1,3
javaparser,5056.json,1,3
javaparser,6550.json,0,2
intellij-community,35469.json,1,2
intellij-community,39502.json,4,2
intellij-community,24114.json,11,2
intellij-community,6456.json,2,2
intellij-community,14944.json,6,2
intellij-community,14240.json,10,2
intellij-community,22573.json,10,3
intellij-community,11789.json,2,3
intellij-community,9366.json,0,4
intellij-community,30777.json,3,2
intellij-community,36924.json,1,5
intellij-community,19386.json,4,3
intellij-community,27953.json,0,2
intellij-community,22524.json,2,5
intellij-community,24423.json,14,2
intellij-community,30846.json,6,4
intellij-community,9216.json,7,4
intellij-community,5122.json,0,2
intellij-community,34979.json,2,4
intellij-community,11056.json,2,3
intellij-community,35737.json,13,2
intellij-community,39664.json,6,3
intellij-community,36903.json,1,2
intellij-community,39643.json,7,3
intellij-community,2390.json,1,2
intellij-community,32714.json,0,5
intellij-community,34660.json,1,3
intellij-community,39582.json,8,3
intellij-community,23554.json,3,4
intellij-community,16863.json,6,4
intellij-community,11724.json,2,4
intellij-community,9369.json,2,4
intellij-community,21778.json,0,5
intellij-community,37514.json,7,3
intellij-community,29637.json,2,4
intellij-community,1396.json,1,3
intellij-community,7249.json,4,4
intellij-community,18621.json,2,3
intellij-community,20293.json,0,2
intellij-community,9057.json,1,3
intellij-community,11851.json,6,4
intellij-community,17382.json,5,4
intellij-community,28194.json,3,2
intellij-community,4839.json,0,5
intellij-community,14470.json,4,2
intellij-community,2190.json,2,4
intellij-community,9067.json,3,2
intellij-community,31504.json,4,2
intellij-community,27041.json,2,4
intellij-community,36749.json,6,3
intellij-community,24485.json,0,2
intellij-community,31986.json,0,2
intellij-community,14829.json,0,3
intellij-community,20654.json,5,2
intellij-community,15597.json,15,3
intellij-community,32703.json,0,5
intellij-community,17185.json,4,4
intellij-community,38237.json,4,2
intellij-community,39624.json,0,4
intellij-community,20637.json,1,2
intellij-community,39665.json,7,3
intellij-community,7593.json,12,5
intellij-community,10509.json,1,2
intellij-community,2084.json,1,2
intellij-community,9303.json,0,5
intellij-community,12720.json,1,2
intellij-community,4709.json,7,2
intellij-community,38134.json,3,4
intellij-community,11103.json,2,5
intellij-community,40841.json,3,4
intellij-community,1037.json,2,4
intellij-community,25201.json,0,4
intellij-community,36115.json,0,2
intellij-community,34647.json,1,4
hector,1211.json,2,3
hector,2831.json,0,2
cucumber-jvm,1013.json,0,4
cucumber-jvm,1022.json,0,4
cucumber-jvm,304.json,0,2
cucumber-jvm,1021.json,0,4
hazelcast,12130.json,0,4
hazelcast,20746.json,0,3
hazelcast,20519.json,2,4
hazelcast,30794.json,0,4
hazelcast,17130.json,0,2
hazelcast,33580.json,0,3
hazelcast,17188.json,7,2
hazelcast,11523.json,4,2
hazelcast,20867.json,0,3
hazelcast,12101.json,0,3
hazelcast,32345.json,5,4
hazelcast,8459.json,2,3
hazelcast,27404.json,7,4
hazelcast,9473.json,3,5
hazelcast,34720.json,0,3
hazelcast,7167.json,8,3
hazelcast,25912.json,2,2
hazelcast,12131.json,1,4
hazelcast,28781.json,2,2
hazelcast,1216.json,5,2
hazelcast,29087.json,2,3
hazelcast,10624.json,0,2
hazelcast,26209.json,3,2
hazelcast,8458.json,2,3
hazelcast,33579.json,0,3
hazelcast,33202.json,0,3
hazelcast,39941.json,0,3
hazelcast,8625.json,1,3
hazelcast,28514.json,1,2
hazelcast,39938.json,0,3
hazelcast,23416.json,2,2
hazelcast,9468.json,3,5
hazelcast,29092.json,2,3
hazelcast,7168.json,8,3
hazelcast,28513.json,1,2
hazelcast,16055.json,4,2
hazelcast,17219.json,2,4
hazelcast,9467.json,2,5
hazelcast,27887.json,0,2
hazelcast,7166.json,8,3
hazelcast,21007.json,2,4
hazelcast,26217.json,3,2
hazelcast,12098.json,1,3
hazelcast,9469.json,2,5
hazelcast,17213.json,2,4
hazelcast,25894.json,4,2
hazelcast,25447.json,2,2
hazelcast,9466.json,3,5
hazelcast,23415.json,0,2
hazelcast,33195.json,0,3
hazelcast,10641.json,2,2
hazelcast,1210.json,5,2
hazelcast,21014.json,2,4
hazelcast,12100.json,0,3
jetty,3846.json,1,2
jetty,3849.json,1,2
jetty,4448.json,0,2
jetty,6119.json,4,2
jetty,9865.json,0,3
jetty,11298.json,2,2
jetty,11529.json,3,3
jetty,12050.json,0,3
jetty,6128.json,4,2
jetty,2937.json,0,3
jetty,9678.json,1,2
jetty,2938.json,0,3
jetty,4429.json,0,2
jetty,9676.json,2,2
jetty,7020.json,1,5
jetty,11299.json,2,2
jetty,12036.json,1,3
jetty,14152.json,0,3
jetty,14228.json,0,3
jclouds,5916.json,2,3
jclouds,28019.json,0,4
jclouds,27393.json,0,4
jclouds,12758.json,0,3
jclouds,4523.json,0,5
jclouds,5909.json,2,3
jclouds,20694.json,0,4
jclouds,4522.json,0,5
jclouds,6623.json,2,4
jclouds,18478.json,1,3
jclouds,18445.json,0,3
jclouds,15065.json,2,2
jclouds,9312.json,0,2
jclouds,7864.json,0,3
jclouds,5260.json,4,3
jclouds,27392.json,0,4
jclouds,28020.json,0,4
jclouds,20696.json,0,4
jclouds,10455.json,0,5
jclouds,20695.json,0,4
jclouds,27169.json,3,2
jclouds,6593.json,0,3
jclouds,18479.json,1,3
okhttp,1871.json,5,4
okhttp,1233.json,2,3
okhttp,99.json,1,3
okhttp,1410.json,3,5
okhttp,957.json,2,3
okhttp,1872.json,5,4
okhttp,102.json,6,3
okhttp,100.json,1,3
okhttp,1012.json,5,3
okhttp,2092.json,1,3
okhttp,586.json,8,3
okhttp,1888.json,9,5
okhttp,1088.json,3,2
openmrs-core,7280.json,3,4
openmrs-core,3255.json,1,4
openmrs-core,6390.json,6,5
openmrs-core,177.json,1,5
openmrs-core,5171.json,3,4
openmrs-core,5293.json,1,3
openmrs-core,6406.json,8,2
openmrs-core,3119.json,1,3
openmrs-core,3253.json,1,4
openmrs-core,5529.json,1,2
openmrs-core,6751.json,3,4
openmrs-core,6760.json,3,4
openmrs-core,159.json,1,5
openmrs-core,6193.json,1,2
openmrs-core,5167.json,3,3
openmrs-core,1939.json,2,2
openmrs-core,3120.json,1,3
openmrs-core,1305.json,1,4
openmrs-core,3554.json,0,3
openmrs-core,438.json,0,3
openmrs-core,183.json,1,5
openmrs-core,3254.json,1,4
openmrs-core,466.json,0,3
openmrs-core,3251.json,1,4
openmrs-core,6671.json,3,4
openmrs-core,3445.json,0,2
openmrs-core,6391.json,4,5
openmrs-core,1940.json,5,2
openmrs-core,5168.json,4,3
openmrs-core,6407.json,7,2
openmrs-core,7738.json,1,3
openmrs-core,4907.json,5,2
hadoop,14776.json,2,5
hadoop,23858.json,0,5
hadoop,59042.json,2,2
hadoop,146.json,8,4
hadoop,14552.json,1,2
hadoop,14764.json,2,5
hadoop,30318.json,1,2
hadoop,58584.json,1,5
hadoop,5957.json,1,3
hadoop,8260.json,0,3
hadoop,14546.json,1,2
hadoop,58553.json,0,4
hadoop,22224.json,0,5
hadoop,22229.json,0,5
hadoop,42565.json,0,3
hadoop,58546.json,8,4
hadoop,60514.json,1,2
hadoop,34400.json,1,5
hadoop,58958.json,0,5
hadoop,26618.json,0,5
hadoop,58579.json,0,5
hadoop,73594.json,0,4
hadoop,34758.json,2,2
hadoop,78186.json,1,5
hadoop,32895.json,2,3
hadoop,39406.json,0,3
hadoop,4980.json,7,2
hadoop,69333.json,1,3
hadoop,19752.json,0,5
hadoop,73406.json,0,3
hadoop,58535.json,0,4
hadoop,26619.json,0,5
hadoop,42545.json,0,3
hadoop,44067.json,1,2
hadoop,14780.json,2,5
hadoop,58534.json,1,2
hadoop,74608.json,0,2
hadoop,4813.json,16,5
hadoop,26542.json,3,4
hadoop,23881.json,0,5
hadoop,23485.json,1,3
hadoop,37494.json,1,5
hadoop,23486.json,1,3
hadoop,32805.json,1,2
hadoop,73592.json,0,4
hadoop,58547.json,6,4
hadoop,44815.json,1,2
hadoop,69134.json,1,4
hadoop,32879.json,0,3
hadoop,44289.json,0,3
hadoop,39184.json,0,4
hadoop,21738.json,0,2
hadoop,41689.json,2,2
hadoop,69133.json,1,4
hadoop,80102.json,1,5
hadoop,78190.json,1,5
hadoop,14772.json,2,5
hadoop,69300.json,1,3
hadoop,75616.json,3,2
hadoop,71372.json,1,2
hadoop,38405.json,1,5
hadoop,73593.json,0,4
hadoop,60515.json,1,2
hadoop,39743.json,3,3
hadoop,73407.json,0,3
hadoop,69146.json,1,3
hadoop,58434.json,3,5
hadoop,25549.json,0,5
hadoop,19751.json,0,5
hadoop,14768.json,2,5
hadoop,58543.json,2,5
hadoop,69510.json,1,4
hadoop,209.json,8,4
hadoop,32877.json,0,3
hadoop,44279.json,2,3
hadoop,58533.json,1,2
hadoop,21749.json,0,2
hadoop,5936.json,1,3
hadoop,34846.json,0,2
hadoop,22071.json,0,5
hadoop,7497.json,1,2
RxJava,2501.json,0,4
junit4,922.json,0,3
junit4,921.json,0,3
junit4,308.json,2,2
junit4,535.json,0,3
junit4,54.json,1,2
junit4,757.json,6,2
facebook-android-sdk,3729.json,4,3
facebook-android-sdk,3661.json,5,3
facebook-android-sdk,2044.json,0,3
facebook-android-sdk,2315.json,0,2
facebook-android-sdk,1949.json,0,2
facebook-android-sdk,1947.json,0,2
facebook-android-sdk,2043.json,0,3
facebook-android-sdk,3362.json,0,2
facebook-android-sdk,3361.json,0,2
facebook-android-sdk,1210.json,0,2
titan,95.json,2,3
titan,1093.json,0,4
titan,227.json,2,4
titan,3596.json,6,3
titan,4498.json,0,3
titan,2078.json,2,3
titan,353.json,0,3
titan,5572.json,0,5
titan,1184.json,0,4
titan,1607.json,5,5
titan,1185.json,0,4
titan,4499.json,0,3
